"","V1","V2","V3","V4","V5","V6","V7","V8","V9","V10","V11","V12","V13","V14","V15","V16","V17","V18","V19","V20","V21","V22","V23","V24","V25","V26","V27","V28","V29","V30","V31","V32","V33"
"1","6","4","1","97","9","28","22","7","65","10","73","98","8","38","32","5","3","2","26","37","14","27","56","48","44","99","17","18","46","76","39","16","23"
"2","1","","","","","","","","","","","","","","","","","","","","","","","","","","","","","","","",""
"3","6","","","","","","","","","","","","","","","","","","","","","","","","","","","","","","","",""
"4","6","","","","","","","","","","","","","","","","","","","","","","","","","","","","","","","",""
"5","1","","","","","","","","","","","","","","","","","","","","","","","","","","","","","","","",""
"6","1","","","","","","","","","","","","","","","","","","","","","","","","","","","","","","","",""
"7","1","","","","","","","","","","","","","","","","","","","","","","","","","","","","","","","",""
"8","1","","","","","","","","","","","","","","","","","","","","","","","","","","","","","","","",""
"9","1","","","","","","","","","","","","","","","","","","","","","","","","","","","","","","","",""
"10","1","","","","","","","","","","","","","","","","","","","","","","","","","","","","","","","",""
"11","1","","","","","","","","","","","","","","","","","","","","","","","","","","","","","","","",""
"12","1","","","","","","","","","","","","","","","","","","","","","","","","","","","","","","","",""
"13","1","","","","","","","","","","","","","","","","","","","","","","","","","","","","","","","",""
"14","1","","","","","","","","","","","","","","","","","","","","","","","","","","","","","","","",""
"15","1","","","","","","","","","","","","","","","","","","","","","","","","","","","","","","","",""
"16","1","","","","","","","","","","","","","","","","","","","","","","","","","","","","","","","",""
"17","1","","","","","","","","","","","","","","","","","","","","","","","","","","","","","","","",""
"18","1","","","","","","","","","","","","","","","","","","","","","","","","","","","","","","","",""
"19","1","","","","","","","","","","","","","","","","","","","","","","","","","","","","","","","",""
"20","28","","","","","","","","","","","","","","","","","","","","","","","","","","","","","","","",""
"21","28","","","","","","","","","","","","","","","","","","","","","","","","","","","","","","","",""
"22","28","","","","","","","","","","","","","","","","","","","","","","","","","","","","","","","",""
"23","28","","","","","","","","","","","","","","","","","","","","","","","","","","","","","","","",""
"24","28","","","","","","","","","","","","","","","","","","","","","","","","","","","","","","","",""
"25","28","","","","","","","","","","","","","","","","","","","","","","","","","","","","","","","",""
"26","4","","","","","","","","","","","","","","","","","","","","","","","","","","","","","","","",""
"27","4","","","","","","","","","","","","","","","","","","","","","","","","","","","","","","","",""
"28","4","","","","","","","","","","","","","","","","","","","","","","","","","","","","","","","",""
"29","4","","","","","","","","","","","","","","","","","","","","","","","","","","","","","","","",""
"30","4","","","","","","","","","","","","","","","","","","","","","","","","","","","","","","","",""
"31","4","","","","","","","","","","","","","","","","","","","","","","","","","","","","","","","",""
"32","4","","","","","","","","","","","","","","","","","","","","","","","","","","","","","","","",""
"33","4","","","","","","","","","","","","","","","","","","","","","","","","","","","","","","","",""
"34","4","","","","","","","","","","","","","","","","","","","","","","","","","","","","","","","",""
"35","4","","","","","","","","","","","","","","","","","","","","","","","","","","","","","","","",""
"36","4","","","","","","","","","","","","","","","","","","","","","","","","","","","","","","","",""
"37","4","","","","","","","","","","","","","","","","","","","","","","","","","","","","","","","",""
"38","4","","","","","","","","","","","","","","","","","","","","","","","","","","","","","","","",""
"39","1","","","","","","","","","","","","","","","","","","","","","","","","","","","","","","","",""
"40","1","","","","","","","","","","","","","","","","","","","","","","","","","","","","","","","",""
"41","1","","","","","","","","","","","","","","","","","","","","","","","","","","","","","","","",""
"42","1","","","","","","","","","","","","","","","","","","","","","","","","","","","","","","","",""
"43","6","","","","","","","","","","","","","","","","","","","","","","","","","","","","","","","",""
"44","6","","","","","","","","","","","","","","","","","","","","","","","","","","","","","","","",""
"45","6","","","","","","","","","","","","","","","","","","","","","","","","","","","","","","","",""
"46","6","","","","","","","","","","","","","","","","","","","","","","","","","","","","","","","",""
"47","6","","","","","","","","","","","","","","","","","","","","","","","","","","","","","","","",""
"48","6","","","","","","","","","","","","","","","","","","","","","","","","","","","","","","","",""
"49","6","","","","","","","","","","","","","","","","","","","","","","","","","","","","","","","",""
"50","6","","","","","","","","","","","","","","","","","","","","","","","","","","","","","","","",""
"51","6","","","","","","","","","","","","","","","","","","","","","","","","","","","","","","","",""
"52","6","","","","","","","","","","","","","","","","","","","","","","","","","","","","","","","",""
"53","28","","","","","","","","","","","","","","","","","","","","","","","","","","","","","","","",""
"54","28","","","","","","","","","","","","","","","","","","","","","","","","","","","","","","","",""
"55","28","","","","","","","","","","","","","","","","","","","","","","","","","","","","","","","",""
"56","28","","","","","","","","","","","","","","","","","","","","","","","","","","","","","","","",""
"57","28","","","","","","","","","","","","","","","","","","","","","","","","","","","","","","","",""
"58","6","","","","","","","","","","","","","","","","","","","","","","","","","","","","","","","",""
"59","6","","","","","","","","","","","","","","","","","","","","","","","","","","","","","","","",""
"60","6","","","","","","","","","","","","","","","","","","","","","","","","","","","","","","","",""
"61","6","","","","","","","","","","","","","","","","","","","","","","","","","","","","","","","",""
"62","6","","","","","","","","","","","","","","","","","","","","","","","","","","","","","","","",""
"63","4","","","","","","","","","","","","","","","","","","","","","","","","","","","","","","","",""
"64","4","","","","","","","","","","","","","","","","","","","","","","","","","","","","","","","",""
"65","4","","","","","","","","","","","","","","","","","","","","","","","","","","","","","","","",""
"66","4","","","","","","","","","","","","","","","","","","","","","","","","","","","","","","","",""
"67","4","","","","","","","","","","","","","","","","","","","","","","","","","","","","","","","",""
"68","4","","","","","","","","","","","","","","","","","","","","","","","","","","","","","","","",""
"69","4","","","","","","","","","","","","","","","","","","","","","","","","","","","","","","","",""
"70","4","","","","","","","","","","","","","","","","","","","","","","","","","","","","","","","",""
"71","6","","","","","","","","","","","","","","","","","","","","","","","","","","","","","","","",""
"72","6","","","","","","","","","","","","","","","","","","","","","","","","","","","","","","","",""
"73","6","","","","","","","","","","","","","","","","","","","","","","","","","","","","","","","",""
"74","4","","","","","","","","","","","","","","","","","","","","","","","","","","","","","","","",""
"75","4","","","","","","","","","","","","","","","","","","","","","","","","","","","","","","","",""
"76","6","","","","","","","","","","","","","","","","","","","","","","","","","","","","","","","",""
"77","4","","","","","","","","","","","","","","","","","","","","","","","","","","","","","","","",""
"78","4","","","","","","","","","","","","","","","","","","","","","","","","","","","","","","","",""
"79","4","","","","","","","","","","","","","","","","","","","","","","","","","","","","","","","",""
"80","4","","","","","","","","","","","","","","","","","","","","","","","","","","","","","","","",""
"81","4","","","","","","","","","","","","","","","","","","","","","","","","","","","","","","","",""
"82","4","","","","","","","","","","","","","","","","","","","","","","","","","","","","","","","",""
"83","4","","","","","","","","","","","","","","","","","","","","","","","","","","","","","","","",""
"84","4","","","","","","","","","","","","","","","","","","","","","","","","","","","","","","","",""
"85","4","","","","","","","","","","","","","","","","","","","","","","","","","","","","","","","",""
"86","4","","","","","","","","","","","","","","","","","","","","","","","","","","","","","","","",""
"87","3","","","","","","","","","","","","","","","","","","","","","","","","","","","","","","","",""
"88","3","","","","","","","","","","","","","","","","","","","","","","","","","","","","","","","",""
"89","3","","","","","","","","","","","","","","","","","","","","","","","","","","","","","","","",""
"90","3","","","","","","","","","","","","","","","","","","","","","","","","","","","","","","","",""
"91","3","","","","","","","","","","","","","","","","","","","","","","","","","","","","","","","",""
"92","3","","","","","","","","","","","","","","","","","","","","","","","","","","","","","","","",""
"93","3","","","","","","","","","","","","","","","","","","","","","","","","","","","","","","","",""
"94","3","","","","","","","","","","","","","","","","","","","","","","","","","","","","","","","",""
"95","3","","","","","","","","","","","","","","","","","","","","","","","","","","","","","","","",""
"96","3","","","","","","","","","","","","","","","","","","","","","","","","","","","","","","","",""
"97","4","","","","","","","","","","","","","","","","","","","","","","","","","","","","","","","",""
"98","4","","","","","","","","","","","","","","","","","","","","","","","","","","","","","","","",""
"99","4","","","","","","","","","","","","","","","","","","","","","","","","","","","","","","","",""
"100","4","","","","","","","","","","","","","","","","","","","","","","","","","","","","","","","",""
"101","4","","","","","","","","","","","","","","","","","","","","","","","","","","","","","","","",""
"102","4","","","","","","","","","","","","","","","","","","","","","","","","","","","","","","","",""
"103","4","","","","","","","","","","","","","","","","","","","","","","","","","","","","","","","",""
"104","4","","","","","","","","","","","","","","","","","","","","","","","","","","","","","","","",""
"105","4","","","","","","","","","","","","","","","","","","","","","","","","","","","","","","","",""
"106","4","","","","","","","","","","","","","","","","","","","","","","","","","","","","","","","",""
"107","4","","","","","","","","","","","","","","","","","","","","","","","","","","","","","","","",""
"108","4","","","","","","","","","","","","","","","","","","","","","","","","","","","","","","","",""
"109","4","","","","","","","","","","","","","","","","","","","","","","","","","","","","","","","",""
"110","4","","","","","","","","","","","","","","","","","","","","","","","","","","","","","","","",""
"111","4","","","","","","","","","","","","","","","","","","","","","","","","","","","","","","","",""
"112","4","","","","","","","","","","","","","","","","","","","","","","","","","","","","","","","",""
"113","4","","","","","","","","","","","","","","","","","","","","","","","","","","","","","","","",""
"114","4","","","","","","","","","","","","","","","","","","","","","","","","","","","","","","","",""
"115","4","","","","","","","","","","","","","","","","","","","","","","","","","","","","","","","",""
"116","4","","","","","","","","","","","","","","","","","","","","","","","","","","","","","","","",""
"117","4","","","","","","","","","","","","","","","","","","","","","","","","","","","","","","","",""
"118","4","","","","","","","","","","","","","","","","","","","","","","","","","","","","","","","",""
"119","4","","","","","","","","","","","","","","","","","","","","","","","","","","","","","","","",""
"120","4","","","","","","","","","","","","","","","","","","","","","","","","","","","","","","","",""
"121","4","","","","","","","","","","","","","","","","","","","","","","","","","","","","","","","",""
"122","4","","","","","","","","","","","","","","","","","","","","","","","","","","","","","","","",""
"123","4","","","","","","","","","","","","","","","","","","","","","","","","","","","","","","","",""
"124","1","","","","","","","","","","","","","","","","","","","","","","","","","","","","","","","",""
"125","1","","","","","","","","","","","","","","","","","","","","","","","","","","","","","","","",""
"126","1","","","","","","","","","","","","","","","","","","","","","","","","","","","","","","","",""
"127","1","","","","","","","","","","","","","","","","","","","","","","","","","","","","","","","",""
"128","1","","","","","","","","","","","","","","","","","","","","","","","","","","","","","","","",""
"129","4","","","","","","","","","","","","","","","","","","","","","","","","","","","","","","","",""
"130","4","","","","","","","","","","","","","","","","","","","","","","","","","","","","","","","",""
"131","4","","","","","","","","","","","","","","","","","","","","","","","","","","","","","","","",""
"132","4","","","","","","","","","","","","","","","","","","","","","","","","","","","","","","","",""
"133","4","","","","","","","","","","","","","","","","","","","","","","","","","","","","","","","",""
"134","4","","","","","","","","","","","","","","","","","","","","","","","","","","","","","","","",""
"135","4","","","","","","","","","","","","","","","","","","","","","","","","","","","","","","","",""
"136","4","","","","","","","","","","","","","","","","","","","","","","","","","","","","","","","",""
"137","4","","","","","","","","","","","","","","","","","","","","","","","","","","","","","","","",""
"138","4","","","","","","","","","","","","","","","","","","","","","","","","","","","","","","","",""
"139","4","","","","","","","","","","","","","","","","","","","","","","","","","","","","","","","",""
"140","4","","","","","","","","","","","","","","","","","","","","","","","","","","","","","","","",""
"141","4","","","","","","","","","","","","","","","","","","","","","","","","","","","","","","","",""
"142","4","","","","","","","","","","","","","","","","","","","","","","","","","","","","","","","",""
"143","1","","","","","","","","","","","","","","","","","","","","","","","","","","","","","","","",""
"144","1","","","","","","","","","","","","","","","","","","","","","","","","","","","","","","","",""
"145","1","","","","","","","","","","","","","","","","","","","","","","","","","","","","","","","",""
"146","1","","","","","","","","","","","","","","","","","","","","","","","","","","","","","","","",""
"147","1","","","","","","","","","","","","","","","","","","","","","","","","","","","","","","","",""
"148","4","","","","","","","","","","","","","","","","","","","","","","","","","","","","","","","",""
"149","1","","","","","","","","","","","","","","","","","","","","","","","","","","","","","","","",""
"150","1","","","","","","","","","","","","","","","","","","","","","","","","","","","","","","","",""
"151","1","","","","","","","","","","","","","","","","","","","","","","","","","","","","","","","",""
"152","1","","","","","","","","","","","","","","","","","","","","","","","","","","","","","","","",""
"153","4","","","","","","","","","","","","","","","","","","","","","","","","","","","","","","","",""
"154","4","","","","","","","","","","","","","","","","","","","","","","","","","","","","","","","",""
"155","4","","","","","","","","","","","","","","","","","","","","","","","","","","","","","","","",""
"156","4","","","","","","","","","","","","","","","","","","","","","","","","","","","","","","","",""
"157","4","","","","","","","","","","","","","","","","","","","","","","","","","","","","","","","",""
"158","4","","","","","","","","","","","","","","","","","","","","","","","","","","","","","","","",""
"159","4","","","","","","","","","","","","","","","","","","","","","","","","","","","","","","","",""
"160","4","","","","","","","","","","","","","","","","","","","","","","","","","","","","","","","",""
"161","4","","","","","","","","","","","","","","","","","","","","","","","","","","","","","","","",""
"162","4","","","","","","","","","","","","","","","","","","","","","","","","","","","","","","","",""
"163","4","","","","","","","","","","","","","","","","","","","","","","","","","","","","","","","",""
"164","1","","","","","","","","","","","","","","","","","","","","","","","","","","","","","","","",""
"165","1","","","","","","","","","","","","","","","","","","","","","","","","","","","","","","","",""
"166","1","","","","","","","","","","","","","","","","","","","","","","","","","","","","","","","",""
"167","1","","","","","","","","","","","","","","","","","","","","","","","","","","","","","","","",""
"168","1","","","","","","","","","","","","","","","","","","","","","","","","","","","","","","","",""
"169","1","","","","","","","","","","","","","","","","","","","","","","","","","","","","","","","",""
"170","1","","","","","","","","","","","","","","","","","","","","","","","","","","","","","","","",""
"171","4","","","","","","","","","","","","","","","","","","","","","","","","","","","","","","","",""
"172","1","","","","","","","","","","","","","","","","","","","","","","","","","","","","","","","",""
"173","1","","","","","","","","","","","","","","","","","","","","","","","","","","","","","","","",""
"174","1","","","","","","","","","","","","","","","","","","","","","","","","","","","","","","","",""
"175","1","","","","","","","","","","","","","","","","","","","","","","","","","","","","","","","",""
"176","1","","","","","","","","","","","","","","","","","","","","","","","","","","","","","","","",""
"177","1","","","","","","","","","","","","","","","","","","","","","","","","","","","","","","","",""
"178","1","","","","","","","","","","","","","","","","","","","","","","","","","","","","","","","",""
"179","4","","","","","","","","","","","","","","","","","","","","","","","","","","","","","","","",""
"180","4","","","","","","","","","","","","","","","","","","","","","","","","","","","","","","","",""
"181","4","","","","","","","","","","","","","","","","","","","","","","","","","","","","","","","",""
"182","4","","","","","","","","","","","","","","","","","","","","","","","","","","","","","","","",""
"183","4","","","","","","","","","","","","","","","","","","","","","","","","","","","","","","","",""
"184","1","","","","","","","","","","","","","","","","","","","","","","","","","","","","","","","",""
"185","1","","","","","","","","","","","","","","","","","","","","","","","","","","","","","","","",""
"186","1","","","","","","","","","","","","","","","","","","","","","","","","","","","","","","","",""
"187","1","","","","","","","","","","","","","","","","","","","","","","","","","","","","","","","",""
"188","1","","","","","","","","","","","","","","","","","","","","","","","","","","","","","","","",""
"189","1","","","","","","","","","","","","","","","","","","","","","","","","","","","","","","","",""
"190","1","","","","","","","","","","","","","","","","","","","","","","","","","","","","","","","",""
"191","4","","","","","","","","","","","","","","","","","","","","","","","","","","","","","","","",""
"192","4","","","","","","","","","","","","","","","","","","","","","","","","","","","","","","","",""
"193","4","","","","","","","","","","","","","","","","","","","","","","","","","","","","","","","",""
"194","4","","","","","","","","","","","","","","","","","","","","","","","","","","","","","","","",""
"195","1","","","","","","","","","","","","","","","","","","","","","","","","","","","","","","","",""
"196","1","","","","","","","","","","","","","","","","","","","","","","","","","","","","","","","",""
"197","1","","","","","","","","","","","","","","","","","","","","","","","","","","","","","","","",""
"198","4","","","","","","","","","","","","","","","","","","","","","","","","","","","","","","","",""
"199","4","","","","","","","","","","","","","","","","","","","","","","","","","","","","","","","",""
"200","4","","","","","","","","","","","","","","","","","","","","","","","","","","","","","","","",""
"201"," "," "," "," "," "," "," "," "," "," "," "," "," "," "," "," "," "," "," "," "," "," "," "," "," "," "," "," "," "," "," "," "," "
